State,DAY 0 Total,DAY 1 Total,DAY 2 Total,DAY 3 Total,DAY 4 Total,DAY 5 Total,DAY 6 Total,DAY 0 00:00:00,DAY 1 00:00:00,DAY 2 00:00:00,DAY 3 00:00:00,DAY 4 00:00:00,DAY 5 00:00:00,DAY 6 00:00:00,DAY 0 00:15:00,DAY 1 00:15:00,DAY 2 00:15:00,DAY 3 00:15:00,DAY 4 00:15:00,DAY 5 00:15:00,DAY 6 00:15:00,DAY 0 00:30:00,DAY 1 00:30:00,DAY 2 00:30:00,DAY 3 00:30:00,DAY 4 00:30:00,DAY 5 00:30:00,DAY 6 00:30:00,DAY 0 00:45:00,DAY 1 00:45:00,DAY 2 00:45:00,DAY 3 00:45:00,DAY 4 00:45:00,DAY 5 00:45:00,DAY 6 00:45:00,DAY 0 01:00:00,DAY 1 01:00:00,DAY 2 01:00:00,DAY 3 01:00:00,DAY 4 01:00:00,DAY 5 01:00:00,DAY 6 01:00:00,DAY 0 01:15:00,DAY 1 01:15:00,DAY 2 01:15:00,DAY 3 01:15:00,DAY 4 01:15:00,DAY 5 01:15:00,DAY 6 01:15:00,DAY 0 01:30:00,DAY 1 01:30:00,DAY 2 01:30:00,DAY 3 01:30:00,DAY 4 01:30:00,DAY 5 01:30:00,DAY 6 01:30:00,DAY 0 01:45:00,DAY 1 01:45:00,DAY 2 01:45:00,DAY 3 01:45:00,DAY 4 01:45:00,DAY 5 01:45:00,DAY 6 01:45:00,DAY 0 02:00:00,DAY 1 02:00:00,DAY 2 02:00:00,DAY 3 02:00:00,DAY 4 02:00:00,DAY 5 02:00:00,DAY 6 02:00:00,DAY 0 02:15:00,DAY 1 02:15:00,DAY 2 02:15:00,DAY 3 02:15:00,DAY 4 02:15:00,DAY 5 02:15:00,DAY 6 02:15:00,DAY 0 02:30:00,DAY 1 02:30:00,DAY 2 02:30:00,DAY 3 02:30:00,DAY 4 02:30:00,DAY 5 02:30:00,DAY 6 02:30:00,DAY 0 02:45:00,DAY 1 02:45:00,DAY 2 02:45:00,DAY 3 02:45:00,DAY 4 02:45:00,DAY 5 02:45:00,DAY 6 02:45:00,DAY 0 03:00:00,DAY 1 03:00:00,DAY 2 03:00:00,DAY 3 03:00:00,DAY 4 03:00:00,DAY 5 03:00:00,DAY 6 03:00:00,DAY 0 03:15:00,DAY 1 03:15:00,DAY 2 03:15:00,DAY 3 03:15:00,DAY 4 03:15:00,DAY 5 03:15:00,DAY 6 03:15:00,DAY 0 03:30:00,DAY 1 03:30:00,DAY 2 03:30:00,DAY 3 03:30:00,DAY 4 03:30:00,DAY 5 03:30:00,DAY 6 03:30:00,DAY 0 03:45:00,DAY 1 03:45:00,DAY 2 03:45:00,DAY 3 03:45:00,DAY 4 03:45:00,DAY 5 03:45:00,DAY 6 03:45:00,DAY 0 04:00:00,DAY 1 04:00:00,DAY 2 04:00:00,DAY 3 04:00:00,DAY 4 04:00:00,DAY 5 04:00:00,DAY 6 04:00:00,DAY 0 04:15:00,DAY 1 04:15:00,DAY 2 04:15:00,DAY 3 04:15:00,DAY 4 04:15:00,DAY 5 04:15:00,DAY 6 04:15:00,DAY 0 04:30:00,DAY 1 04:30:00,DAY 2 04:30:00,DAY 3 04:30:00,DAY 4 04:30:00,DAY 5 04:30:00,DAY 6 04:30:00,DAY 0 04:45:00,DAY 1 04:45:00,DAY 2 04:45:00,DAY 3 04:45:00,DAY 4 04:45:00,DAY 5 04:45:00,DAY 6 04:45:00,DAY 0 05:00:00,DAY 1 05:00:00,DAY 2 05:00:00,DAY 3 05:00:00,DAY 4 05:00:00,DAY 5 05:00:00,DAY 6 05:00:00,DAY 0 05:15:00,DAY 1 05:15:00,DAY 2 05:15:00,DAY 3 05:15:00,DAY 4 05:15:00,DAY 5 05:15:00,DAY 6 05:15:00,DAY 0 05:30:00,DAY 1 05:30:00,DAY 2 05:30:00,DAY 3 05:30:00,DAY 4 05:30:00,DAY 5 05:30:00,DAY 6 05:30:00,DAY 0 05:45:00,DAY 1 05:45:00,DAY 2 05:45:00,DAY 3 05:45:00,DAY 4 05:45:00,DAY 5 05:45:00,DAY 6 05:45:00,DAY 0 06:00:00,DAY 1 06:00:00,DAY 2 06:00:00,DAY 3 06:00:00,DAY 4 06:00:00,DAY 5 06:00:00,DAY 6 06:00:00,DAY 0 06:15:00,DAY 1 06:15:00,DAY 2 06:15:00,DAY 3 06:15:00,DAY 4 06:15:00,DAY 5 06:15:00,DAY 6 06:15:00,DAY 0 06:30:00,DAY 1 06:30:00,DAY 2 06:30:00,DAY 3 06:30:00,DAY 4 06:30:00,DAY 5 06:30:00,DAY 6 06:30:00,DAY 0 06:45:00,DAY 1 06:45:00,DAY 2 06:45:00,DAY 3 06:45:00,DAY 4 06:45:00,DAY 5 06:45:00,DAY 6 06:45:00,DAY 0 07:00:00,DAY 1 07:00:00,DAY 2 07:00:00,DAY 3 07:00:00,DAY 4 07:00:00,DAY 5 07:00:00,DAY 6 07:00:00,DAY 0 07:15:00,DAY 1 07:15:00,DAY 2 07:15:00,DAY 3 07:15:00,DAY 4 07:15:00,DAY 5 07:15:00,DAY 6 07:15:00,DAY 0 07:30:00,DAY 1 07:30:00,DAY 2 07:30:00,DAY 3 07:30:00,DAY 4 07:30:00,DAY 5 07:30:00,DAY 6 07:30:00,DAY 0 07:45:00,DAY 1 07:45:00,DAY 2 07:45:00,DAY 3 07:45:00,DAY 4 07:45:00,DAY 5 07:45:00,DAY 6 07:45:00,DAY 0 08:00:00,DAY 1 08:00:00,DAY 2 08:00:00,DAY 3 08:00:00,DAY 4 08:00:00,DAY 5 08:00:00,DAY 6 08:00:00,DAY 0 08:15:00,DAY 1 08:15:00,DAY 2 08:15:00,DAY 3 08:15:00,DAY 4 08:15:00,DAY 5 08:15:00,DAY 6 08:15:00,DAY 0 08:30:00,DAY 1 08:30:00,DAY 2 08:30:00,DAY 3 08:30:00,DAY 4 08:30:00,DAY 5 08:30:00,DAY 6 08:30:00,DAY 0 08:45:00,DAY 1 08:45:00,DAY 2 08:45:00,DAY 3 08:45:00,DAY 4 08:45:00,DAY 5 08:45:00,DAY 6 08:45:00,DAY 0 09:00:00,DAY 1 09:00:00,DAY 2 09:00:00,DAY 3 09:00:00,DAY 4 09:00:00,DAY 5 09:00:00,DAY 6 09:00:00,DAY 0 09:15:00,DAY 1 09:15:00,DAY 2 09:15:00,DAY 3 09:15:00,DAY 4 09:15:00,DAY 5 09:15:00,DAY 6 09:15:00,DAY 0 09:30:00,DAY 1 09:30:00,DAY 2 09:30:00,DAY 3 09:30:00,DAY 4 09:30:00,DAY 5 09:30:00,DAY 6 09:30:00,DAY 0 09:45:00,DAY 1 09:45:00,DAY 2 09:45:00,DAY 3 09:45:00,DAY 4 09:45:00,DAY 5 09:45:00,DAY 6 09:45:00,DAY 0 10:00:00,DAY 1 10:00:00,DAY 2 10:00:00,DAY 3 10:00:00,DAY 4 10:00:00,DAY 5 10:00:00,DAY 6 10:00:00,DAY 0 10:15:00,DAY 1 10:15:00,DAY 2 10:15:00,DAY 3 10:15:00,DAY 4 10:15:00,DAY 5 10:15:00,DAY 6 10:15:00,DAY 0 10:30:00,DAY 1 10:30:00,DAY 2 10:30:00,DAY 3 10:30:00,DAY 4 10:30:00,DAY 5 10:30:00,DAY 6 10:30:00,DAY 0 10:45:00,DAY 1 10:45:00,DAY 2 10:45:00,DAY 3 10:45:00,DAY 4 10:45:00,DAY 5 10:45:00,DAY 6 10:45:00,DAY 0 11:00:00,DAY 1 11:00:00,DAY 2 11:00:00,DAY 3 11:00:00,DAY 4 11:00:00,DAY 5 11:00:00,DAY 6 11:00:00,DAY 0 11:15:00,DAY 1 11:15:00,DAY 2 11:15:00,DAY 3 11:15:00,DAY 4 11:15:00,DAY 5 11:15:00,DAY 6 11:15:00,DAY 0 11:30:00,DAY 1 11:30:00,DAY 2 11:30:00,DAY 3 11:30:00,DAY 4 11:30:00,DAY 5 11:30:00,DAY 6 11:30:00,DAY 0 11:45:00,DAY 1 11:45:00,DAY 2 11:45:00,DAY 3 11:45:00,DAY 4 11:45:00,DAY 5 11:45:00,DAY 6 11:45:00,DAY 0 12:00:00,DAY 1 12:00:00,DAY 2 12:00:00,DAY 3 12:00:00,DAY 4 12:00:00,DAY 5 12:00:00,DAY 6 12:00:00,DAY 0 12:15:00,DAY 1 12:15:00,DAY 2 12:15:00,DAY 3 12:15:00,DAY 4 12:15:00,DAY 5 12:15:00,DAY 6 12:15:00,DAY 0 12:30:00,DAY 1 12:30:00,DAY 2 12:30:00,DAY 3 12:30:00,DAY 4 12:30:00,DAY 5 12:30:00,DAY 6 12:30:00,DAY 0 12:45:00,DAY 1 12:45:00,DAY 2 12:45:00,DAY 3 12:45:00,DAY 4 12:45:00,DAY 5 12:45:00,DAY 6 12:45:00,DAY 0 13:00:00,DAY 1 13:00:00,DAY 2 13:00:00,DAY 3 13:00:00,DAY 4 13:00:00,DAY 5 13:00:00,DAY 6 13:00:00,DAY 0 13:15:00,DAY 1 13:15:00,DAY 2 13:15:00,DAY 3 13:15:00,DAY 4 13:15:00,DAY 5 13:15:00,DAY 6 13:15:00,DAY 0 13:30:00,DAY 1 13:30:00,DAY 2 13:30:00,DAY 3 13:30:00,DAY 4 13:30:00,DAY 5 13:30:00,DAY 6 13:30:00,DAY 0 13:45:00,DAY 1 13:45:00,DAY 2 13:45:00,DAY 3 13:45:00,DAY 4 13:45:00,DAY 5 13:45:00,DAY 6 13:45:00,DAY 0 14:00:00,DAY 1 14:00:00,DAY 2 14:00:00,DAY 3 14:00:00,DAY 4 14:00:00,DAY 5 14:00:00,DAY 6 14:00:00,DAY 0 14:15:00,DAY 1 14:15:00,DAY 2 14:15:00,DAY 3 14:15:00,DAY 4 14:15:00,DAY 5 14:15:00,DAY 6 14:15:00,DAY 0 14:30:00,DAY 1 14:30:00,DAY 2 14:30:00,DAY 3 14:30:00,DAY 4 14:30:00,DAY 5 14:30:00,DAY 6 14:30:00,DAY 0 14:45:00,DAY 1 14:45:00,DAY 2 14:45:00,DAY 3 14:45:00,DAY 4 14:45:00,DAY 5 14:45:00,DAY 6 14:45:00,DAY 0 15:00:00,DAY 1 15:00:00,DAY 2 15:00:00,DAY 3 15:00:00,DAY 4 15:00:00,DAY 5 15:00:00,DAY 6 15:00:00,DAY 0 15:15:00,DAY 1 15:15:00,DAY 2 15:15:00,DAY 3 15:15:00,DAY 4 15:15:00,DAY 5 15:15:00,DAY 6 15:15:00,DAY 0 15:30:00,DAY 1 15:30:00,DAY 2 15:30:00,DAY 3 15:30:00,DAY 4 15:30:00,DAY 5 15:30:00,DAY 6 15:30:00,DAY 0 15:45:00,DAY 1 15:45:00,DAY 2 15:45:00,DAY 3 15:45:00,DAY 4 15:45:00,DAY 5 15:45:00,DAY 6 15:45:00,DAY 0 16:00:00,DAY 1 16:00:00,DAY 2 16:00:00,DAY 3 16:00:00,DAY 4 16:00:00,DAY 5 16:00:00,DAY 6 16:00:00,DAY 0 16:15:00,DAY 1 16:15:00,DAY 2 16:15:00,DAY 3 16:15:00,DAY 4 16:15:00,DAY 5 16:15:00,DAY 6 16:15:00,DAY 0 16:30:00,DAY 1 16:30:00,DAY 2 16:30:00,DAY 3 16:30:00,DAY 4 16:30:00,DAY 5 16:30:00,DAY 6 16:30:00,DAY 0 16:45:00,DAY 1 16:45:00,DAY 2 16:45:00,DAY 3 16:45:00,DAY 4 16:45:00,DAY 5 16:45:00,DAY 6 16:45:00,DAY 0 17:00:00,DAY 1 17:00:00,DAY 2 17:00:00,DAY 3 17:00:00,DAY 4 17:00:00,DAY 5 17:00:00,DAY 6 17:00:00,DAY 0 17:15:00,DAY 1 17:15:00,DAY 2 17:15:00,DAY 3 17:15:00,DAY 4 17:15:00,DAY 5 17:15:00,DAY 6 17:15:00,DAY 0 17:30:00,DAY 1 17:30:00,DAY 2 17:30:00,DAY 3 17:30:00,DAY 4 17:30:00,DAY 5 17:30:00,DAY 6 17:30:00,DAY 0 17:45:00,DAY 1 17:45:00,DAY 2 17:45:00,DAY 3 17:45:00,DAY 4 17:45:00,DAY 5 17:45:00,DAY 6 17:45:00,DAY 0 18:00:00,DAY 1 18:00:00,DAY 2 18:00:00,DAY 3 18:00:00,DAY 4 18:00:00,DAY 5 18:00:00,DAY 6 18:00:00,DAY 0 18:15:00,DAY 1 18:15:00,DAY 2 18:15:00,DAY 3 18:15:00,DAY 4 18:15:00,DAY 5 18:15:00,DAY 6 18:15:00,DAY 0 18:30:00,DAY 1 18:30:00,DAY 2 18:30:00,DAY 3 18:30:00,DAY 4 18:30:00,DAY 5 18:30:00,DAY 6 18:30:00,DAY 0 18:45:00,DAY 1 18:45:00,DAY 2 18:45:00,DAY 3 18:45:00,DAY 4 18:45:00,DAY 5 18:45:00,DAY 6 18:45:00,DAY 0 19:00:00,DAY 1 19:00:00,DAY 2 19:00:00,DAY 3 19:00:00,DAY 4 19:00:00,DAY 5 19:00:00,DAY 6 19:00:00,DAY 0 19:15:00,DAY 1 19:15:00,DAY 2 19:15:00,DAY 3 19:15:00,DAY 4 19:15:00,DAY 5 19:15:00,DAY 6 19:15:00,DAY 0 19:30:00,DAY 1 19:30:00,DAY 2 19:30:00,DAY 3 19:30:00,DAY 4 19:30:00,DAY 5 19:30:00,DAY 6 19:30:00,DAY 0 19:45:00,DAY 1 19:45:00,DAY 2 19:45:00,DAY 3 19:45:00,DAY 4 19:45:00,DAY 5 19:45:00,DAY 6 19:45:00,DAY 0 20:00:00,DAY 1 20:00:00,DAY 2 20:00:00,DAY 3 20:00:00,DAY 4 20:00:00,DAY 5 20:00:00,DAY 6 20:00:00,DAY 0 20:15:00,DAY 1 20:15:00,DAY 2 20:15:00,DAY 3 20:15:00,DAY 4 20:15:00,DAY 5 20:15:00,DAY 6 20:15:00,DAY 0 20:30:00,DAY 1 20:30:00,DAY 2 20:30:00,DAY 3 20:30:00,DAY 4 20:30:00,DAY 5 20:30:00,DAY 6 20:30:00,DAY 0 20:45:00,DAY 1 20:45:00,DAY 2 20:45:00,DAY 3 20:45:00,DAY 4 20:45:00,DAY 5 20:45:00,DAY 6 20:45:00,DAY 0 21:00:00,DAY 1 21:00:00,DAY 2 21:00:00,DAY 3 21:00:00,DAY 4 21:00:00,DAY 5 21:00:00,DAY 6 21:00:00,DAY 0 21:15:00,DAY 1 21:15:00,DAY 2 21:15:00,DAY 3 21:15:00,DAY 4 21:15:00,DAY 5 21:15:00,DAY 6 21:15:00,DAY 0 21:30:00,DAY 1 21:30:00,DAY 2 21:30:00,DAY 3 21:30:00,DAY 4 21:30:00,DAY 5 21:30:00,DAY 6 21:30:00,DAY 0 21:45:00,DAY 1 21:45:00,DAY 2 21:45:00,DAY 3 21:45:00,DAY 4 21:45:00,DAY 5 21:45:00,DAY 6 21:45:00,DAY 0 22:00:00,DAY 1 22:00:00,DAY 2 22:00:00,DAY 3 22:00:00,DAY 4 22:00:00,DAY 5 22:00:00,DAY 6 22:00:00,DAY 0 22:15:00,DAY 1 22:15:00,DAY 2 22:15:00,DAY 3 22:15:00,DAY 4 22:15:00,DAY 5 22:15:00,DAY 6 22:15:00,DAY 0 22:30:00,DAY 1 22:30:00,DAY 2 22:30:00,DAY 3 22:30:00,DAY 4 22:30:00,DAY 5 22:30:00,DAY 6 22:30:00,DAY 0 22:45:00,DAY 1 22:45:00,DAY 2 22:45:00,DAY 3 22:45:00,DAY 4 22:45:00,DAY 5 22:45:00,DAY 6 22:45:00,DAY 0 23:00:00,DAY 1 23:00:00,DAY 2 23:00:00,DAY 3 23:00:00,DAY 4 23:00:00,DAY 5 23:00:00,DAY 6 23:00:00,DAY 0 23:15:00,DAY 1 23:15:00,DAY 2 23:15:00,DAY 3 23:15:00,DAY 4 23:15:00,DAY 5 23:15:00,DAY 6 23:15:00,DAY 0 23:30:00,DAY 1 23:30:00,DAY 2 23:30:00,DAY 3 23:30:00,DAY 4 23:30:00,DAY 5 23:30:00,DAY 6 23:30:00,DAY 0 23:45:00,DAY 1 23:45:00,DAY 2 23:45:00,DAY 3 23:45:00,DAY 4 23:45:00,DAY 5 23:45:00,DAY 6 23:45:00,DAY 0 Total,DAY 1 Total,DAY 2 Total,DAY 3 Total,DAY 4 Total,DAY 5 Total,DAY 6 Total
0,44458,81327,100490,113336,127451,123553,60711,919,233,163,234,216,385,678,847,219,173,197,227,348,690,801,160,146,201,216,291,552,807,133,101,217,154,241,558,797,114,99,241,137,191,567,773,111,79,258,109,219,518,840,110,73,278,121,208,507,767,114,70,296,102,163,670,668,141,61,353,116,168,635,668,123,64,345,73,111,520,697,101,60,291,70,118,418,740,74,58,232,65,122,463,760,71,55,240,59,92,495,628,67,43,189,53,103,359,519,73,55,137,45,94,318,555,87,56,129,63,109,381,511,117,63,112,70,118,298,386,99,62,93,72,87,199,305,95,67,113,67,87,210,357,103,68,132,71,120,253,235,122,86,107,74,123,195,185,139,72,129,75,130,104,175,151,95,144,104,160,84,176,111,93,107,93,114,85,153,140,129,121,125,111,75,127,194,202,215,222,193,97,100,209,221,229,246,207,94,108,288,332,356,438,405,112,90,332,409,437,500,429,141,114,501,557,605,710,651,135,140,755,840,929,1108,882,173,169,942,1198,1344,1528,1215,181,155,1155,1453,1481,1870,1300,235,138,1221,1492,1569,1913,1366,207,159,1390,1828,1964,2355,1660,276,204,1530,2039,2331,2599,1933,321,226,1565,2100,2308,2619,2033,374,231,1386,1860,1877,2239,1761,386,264,1376,1879,1968,2316,1674,422,314,1513,1935,2017,2242,1831,499,337,1419,1729,1933,2059,1746,586,364,1221,1488,1480,1693,1520,574,325,1131,1350,1448,1565,1381,596,364,1183,1470,1551,1595,1465,656,426,1169,1371,1499,1591,1476,712,418,1127,1348,1380,1535,1450,673,438,1242,1376,1544,1806,1573,703,483,1398,1780,1884,2120,1925,760,513,1322,1794,1812,2205,2002,758,477,1230,1428,1633,1869,1763,736,532,1246,1547,1630,1740,1742,829,522,1442,1771,1931,2145,2117,798,579,1451,1901,2064,2406,2210,794,582,1358,1701,1859,2003,2003,805,587,1290,1602,1723,1875,1990,829,596,1448,1821,1786,2018,2007,863,569,1425,1705,1783,2066,2095,854,579,1356,1639,1735,1864,1967,801,632,1281,1607,1657,1746,1880,826,570,1356,1742,1780,1984,1987,879,608,1405,1655,1826,1920,2068,934,551,1365,1534,1621,1825,1997,869,578,1304,1470,1611,1787,1892,927,581,1387,1537,1730,1905,2071,946,640,1455,1667,1860,2109,2243,973,593,1381,1759,1912,2141,2326,878,581,1588,1785,1982,2328,2571,992,614,1577,1868,2195,2474,2731,983,663,1844,2176,2558,2824,3114,973,609,1883,2423,2678,3064,3172,1024,753,1936,2522,2770,3166,3124,1012,681,1848,2512,2764,3147,3306,1043,625,1750,2529,2891,3246,3211,1111,635,1791,2453,2842,3204,3055,1040,582,1705,2325,2572,2983,2869,1034,515,1472,2006,2210,2651,2695,1088,515,1349,1801,2106,2463,2434,1092,523,1318,1590,1829,2227,2177,993,492,1072,1428,1670,1924,1977,900,475,843,1173,1342,1556,1675,906,423,744,1012,1153,1435,1502,844,436,830,1074,1136,1500,1307,741,446,790,939,1096,1337,1126,822,400,504,761,930,1099,991,710,423,631,690,898,1138,913,622,392,580,748,917,1134,904,598,438,487,726,831,970,850,682,396,428,589,722,902,826,663,391,438,565,820,934,916,731,396,434,532,690,959,919,746,368,341,440,531,788,776,788,334,321,399,490,697,772,873,307,341,347,491,660,905,885,310,297,355,389,682,903,906,255,213,263,338,484,725,924,228,215,231,297,421,658,941,44458,81327,100490,113336,127451,123553,60711
0.25,74588,139657,168349,182783,196570,191205,101897,1538,399,288,411,492,716,1246,1449,344,237,346,478,646,1166,1427,352,232,374,367,568,1080,1387,273,203,376,334,503,1051,1316,213,172,347,265,407,995,1356,213,153,347,220,382,942,1351,201,124,341,226,343,940,1378,219,129,390,203,318,1072,1183,197,122,368,157,312,1082,1211,185,107,331,152,265,935,1170,186,109,313,148,225,824,1199,173,88,298,109,201,854,1124,165,75,243,124,232,866,1111,130,94,261,92,181,736,1007,125,78,197,95,178,668,990,139,80,228,89,174,623,841,176,79,200,99,182,580,758,178,77,155,108,169,449,643,163,74,166,101,169,395,579,170,107,166,112,168,411,544,179,121,203,109,186,355,361,191,118,175,143,187,241,323,205,159,197,135,175,163,335,202,179,183,165,193,156,288,230,208,196,196,203,140,227,256,239,259,295,245,144,172,338,370,369,402,410,167,183,511,543,574,652,661,179,173,641,688,743,839,797,182,174,825,947,1044,1095,906,198,208,1083,1248,1309,1433,1271,240,258,1573,1870,1954,2092,1664,324,270,1785,2089,2204,2332,2029,352,292,2102,2522,2499,2742,2439,406,290,2168,2543,2610,2759,2396,452,302,2684,3169,3199,3469,3062,592,335,2762,3257,3264,3442,3142,627,409,2638,3213,3306,3601,3122,664,459,2411,3003,3044,3143,2789,713,471,2414,3081,3066,3396,2910,796,556,2352,2870,2927,3077,2838,1010,631,2181,2692,2691,2828,2586,1010,666,1985,2352,2346,2591,2449,1102,681,1906,2310,2332,2638,2448,1078,770,1946,2336,2436,2657,2505,1063,818,1866,2352,2423,2684,2449,1242,775,1956,2400,2521,2723,2443,1258,848,2277,2679,2920,3215,2861,1209,847,2278,2652,3013,3244,3123,1342,906,2219,2854,2912,3380,3208,1266,880,2158,2616,2758,3017,3024,1274,914,2335,2851,3073,3425,3282,1416,971,2335,2794,3296,3392,3308,1304,915,2292,3023,3230,3509,3457,1436,946,2194,2662,2826,3083,3075,1340,989,2233,2804,2970,3320,3195,1387,965,2243,2676,2913,3189,3019,1375,1038,2199,2732,2973,3142,3129,1436,978,2219,2630,2769,2958,3068,1390,1046,2133,2797,2871,3149,3013,1486,999,2197,2789,2820,3139,3198,1535,934,2305,2744,2937,3042,3189,1499,927,2182,2565,2799,2971,3225,1498,925,2239,2643,2866,3086,3205,1530,986,2422,2752,3082,3296,3468,1562,1027,2575,2893,3294,3384,3757,1544,1007,2690,3128,3329,3573,3784,1506,1017,2737,3301,3507,3680,3920,1610,1099,3008,3471,3794,3989,3997,1582,1111,3155,3791,4088,4235,4100,1539,1032,3214,3789,3950,4272,4070,1609,991,3160,3903,4048,4243,4050,1681,1009,3286,3825,4137,4252,4023,1721,1048,3202,3983,4156,4255,3948,1685,932,2848,3706,3772,3965,3777,1699,876,2753,3518,3728,3826,3676,1608,871,2468,3146,3317,3488,3395,1670,795,2389,3092,3363,3540,3310,1688,777,2062,2735,2954,3221,3055,1627,729,1817,2465,2637,2997,2840,1544,661,1553,2084,2280,2730,2445,1340,674,1575,1953,2183,2506,2220,1365,665,1309,1839,2009,2275,2018,1263,630,1217,1521,1750,2006,1715,1135,613,1021,1405,1610,1828,1548,1129,607,1024,1403,1579,1813,1415,1093,603,991,1257,1486,1809,1526,1023,593,804,1102,1345,1610,1353,1132,576,848,1003,1202,1548,1410,1171,576,724,1041,1211,1567,1496,1260,583,713,995,1145,1432,1479,1310,560,586,815,999,1282,1436,1296,520,507,712,897,1153,1444,1528,504,550,645,816,1135,1415,1490,494,467,619,671,982,1452,1526,405,353,439,566,808,1240,1469,74588,139657,168349,182783,196570,191205,101897
0.5,43986,80576,89458,94571,97739,95990,59130,732,264,246,284,342,497,645,718,226,206,252,299,462,632,651,221,183,227,269,347,614,663,220,144,217,248,304,632,670,200,135,221,237,302,541,645,149,114,183,176,299,562,602,139,97,165,161,233,521,576,131,86,153,145,208,546,530,121,90,152,140,197,438,466,111,60,132,113,176,407,495,89,65,119,91,158,476,528,104,63,130,101,139,490,427,76,61,105,73,127,318,450,83,67,123,73,126,332,457,101,45,100,75,114,395,471,87,50,117,70,122,322,383,97,51,108,60,108,267,383,94,51,99,78,89,216,351,88,65,124,77,85,208,367,110,88,81,84,142,203,279,101,91,105,103,94,166,246,143,79,112,82,118,114,197,116,107,98,104,111,132,218,158,132,127,118,139,105,146,161,122,153,157,147,88,128,252,247,247,261,273,99,130,183,176,194,243,223,103,130,355,386,373,391,360,114,127,333,349,336,366,349,161,152,597,573,607,624,583,138,160,568,617,590,584,578,153,178,727,741,714,707,722,207,203,753,718,671,714,716,227,192,917,889,942,864,933,265,252,1074,1079,1115,969,1066,335,247,1078,1040,1036,1009,1070,314,243,1083,1111,1095,1013,1068,383,281,1130,1113,1218,1140,1143,419,341,1339,1450,1445,1428,1441,504,347,1308,1471,1447,1477,1523,473,358,1259,1338,1358,1392,1360,560,413,1157,1328,1325,1369,1386,586,447,1419,1532,1571,1705,1560,640,441,1308,1574,1632,1647,1548,681,491,1211,1381,1443,1557,1408,663,558,1246,1410,1455,1628,1505,745,550,1358,1569,1631,1673,1598,765,555,1364,1605,1688,1742,1579,742,563,1195,1426,1479,1558,1454,784,547,1285,1462,1638,1663,1472,786,581,1423,1606,1732,1886,1684,830,561,1468,1682,1829,1864,1682,846,647,1292,1478,1626,1703,1542,817,602,1378,1587,1647,1727,1525,792,675,1376,1643,1745,1891,1633,916,588,1380,1667,1822,1905,1688,790,643,1318,1477,1551,1692,1446,827,625,1327,1644,1679,1800,1499,827,655,1342,1565,1576,1760,1571,913,582,1382,1529,1784,1831,1727,848,648,1377,1475,1620,1702,1706,893,631,1442,1589,1736,1847,1688,856,657,1403,1566,1678,1752,1714,885,600,1465,1752,1803,1873,1933,904,636,1459,1551,1786,1761,1836,973,603,1462,1704,1752,1826,1776,910,664,1582,1735,1800,1839,1725,983,621,1538,1742,1830,1851,1823,914,630,1621,1785,1855,1822,1835,969,616,1635,1761,1735,1753,1695,960,641,1643,1592,1576,1665,1706,1039,642,1600,1618,1662,1570,1656,948,593,1567,1656,1679,1672,1614,1000,583,1523,1628,1582,1588,1606,930,552,1424,1498,1494,1460,1525,1058,560,1411,1480,1598,1522,1568,984,522,1330,1541,1577,1506,1616,965,544,1347,1490,1533,1454,1571,951,523,1153,1453,1457,1407,1515,970,470,1105,1430,1356,1397,1489,867,479,1153,1325,1429,1443,1338,869,450,1019,1303,1328,1363,1272,804,481,855,1110,1117,1165,1179,781,453,797,1042,1086,1202,1081,705,441,886,1017,1134,1254,1089,676,410,715,911,979,1076,941,688,429,620,828,856,1001,859,631,414,640,722,886,954,878,682,406,581,745,873,969,814,682,400,483,708,736,902,809,656,322,460,530,661,713,690,675,340,425,556,591,759,793,746,347,406,527,593,716,817,700,306,315,413,439,613,707,719,268,318,374,433,553,644,785,260,241,340,393,530,723,749,43986,80576,89458,94571,97739,95990,59130
0.75,27131,46771,48003,51135,52690,50874,34652,362,201,188,225,263,305,392,339,165,150,201,223,251,344,335,139,143,168,153,193,279,318,122,109,133,136,180,290,287,131,100,130,138,184,280,307,118,87,147,120,162,283,259,95,68,140,111,142,260,255,86,72,90,107,110,263,234,88,58,91,88,125,228,220,62,44,85,70,88,174,240,53,38,72,74,96,184,210,68,41,71,61,76,231,169,66,37,55,51,75,190,152,48,41,53,49,70,148,181,65,33,79,43,68,146,189,58,37,74,40,61,148,195,41,39,60,52,57,147,161,37,36,53,38,50,114,170,53,44,66,39,65,111,177,53,46,72,56,55,113,123,80,44,60,57,61,106,104,69,51,71,59,51,60,109,77,62,60,68,69,63,105,69,69,72,67,75,79,81,107,65,66,76,95,74,78,124,105,138,131,137,76,82,166,143,132,175,164,59,92,167,155,172,163,175,65,98,207,181,165,178,173,79,82,257,268,242,277,279,88,108,305,292,311,298,288,98,120,295,300,292,310,301,130,129,357,309,303,281,349,110,125,406,348,341,384,352,136,166,476,430,452,397,421,182,152,543,481,445,477,495,229,188,519,443,414,488,484,199,190,504,501,426,443,456,192,211,608,553,593,524,552,280,229,761,754,692,750,745,365,250,756,717,775,752,748,329,248,624,639,706,654,653,305,294,740,757,767,867,785,342,326,845,900,987,967,958,438,309,840,852,905,869,872,408,316,726,813,851,814,795,420,340,821,894,975,1034,901,450,388,915,1024,1046,1079,1002,484,348,760,790,850,855,842,450,346,768,759,816,828,721,456,377,808,883,1009,908,837,509,420,938,1029,1170,1118,901,524,399,768,793,870,945,844,492,354,726,771,848,869,724,493,380,809,811,870,920,767,562,370,965,1029,1107,1066,889,574,406,792,924,980,1000,833,500,410,823,889,932,949,864,537,432,833,931,966,1001,832,619,427,965,1058,1091,1135,1017,601,389,866,890,1006,1012,998,558,388,873,919,958,1024,946,532,429,930,943,983,1058,915,563,455,968,977,1078,1135,1034,644,461,1003,1017,1062,1079,1070,564,415,926,971,964,1008,962,524,417,876,908,962,981,940,594,462,929,894,929,1012,948,568,429,955,973,955,903,860,554,397,841,884,880,846,856,596,409,780,773,831,834,773,605,411,725,779,782,739,809,577,415,746,740,792,802,792,536,373,703,759,771,761,797,556,373,749,665,685,737,739,622,361,709,693,675,704,764,557,392,672,643,731,712,717,545,401,683,707,710,740,787,534,336,627,694,642,710,735,543,351,594,652,640,695,711,526,383,630,671,692,702,734,460,414,666,666,798,769,748,504,373,578,664,676,720,680,498,363,510,592,673,682,667,489,318,561,598,675,699,654,476,329,550,595,644,739,651,428,325,452,505,564,657,619,438,268,411,415,485,613,581,461,269,373,395,506,651,559,426,263,384,438,470,530,511,399,247,292,374,396,426,417,423,230,273,289,338,410,411,411,227,284,321,321,470,494,372,211,242,305,322,412,402,353,198,181,261,276,313,312,356,177,161,205,230,260,361,372,27131,46771,48003,51135,52690,50874,34652
1,18606,29177,28477,30565,32159,30154,21892,204,139,122,162,159,168,224,184,96,114,125,164,165,221,177,86,99,102,133,147,172,156,77,89,91,106,105,195,169,77,64,93,99,116,170,167,81,76,91,127,123,181,151,86,64,89,85,116,143,109,72,39,73,70,92,161,126,69,45,63,65,76,116,124,56,41,44,41,70,109,116,36,33,45,58,69,90,93,38,30,55,51,59,95,96,44,40,44,38,59,117,81,40,20,35,36,50,84,64,45,21,61,40,44,83,82,33,35,42,27,45,69,98,34,23,37,42,32,79,85,36,26,36,32,34,64,74,28,26,41,23,36,57,77,37,25,38,35,43,52,69,36,31,42,36,45,58,96,47,32,36,32,31,49,59,43,36,33,33,53,35,80,52,29,29,47,47,40,73,46,39,52,42,59,38,56,71,51,68,69,72,62,49,107,80,73,85,97,37,48,119,104,102,99,83,39,62,121,102,104,81,113,57,61,137,120,126,150,145,58,71,185,164,147,149,147,58,77,199,170,191,180,187,85,75,186,177,186,134,160,88,72,219,188,201,187,186,78,78,236,200,186,183,211,110,111,283,257,269,224,228,123,140,263,248,234,249,242,161,97,242,233,218,230,236,134,126,314,243,281,249,267,146,156,356,347,315,283,328,206,182,479,402,386,396,412,231,148,435,377,368,408,413,212,173,378,427,436,462,434,203,204,511,506,480,508,521,246,207,521,526,533,546,544,286,201,507,452,540,569,492,208,243,499,548,630,544,541,283,285,575,582,639,616,577,299,277,515,540,540,587,536,292,254,473,454,499,496,449,291,236,479,456,507,524,425,325,280,585,555,634,570,495,319,293,507,581,555,593,525,326,268,470,491,525,510,412,313,288,482,478,515,491,378,363,276,557,567,602,578,463,363,289,541,600,644,629,519,360,320,558,540,688,638,529,330,286,583,534,561,628,508,379,332,631,664,698,667,535,405,305,626,597,667,625,590,379,289,591,612,614,669,574,350,326,567,472,595,547,518,366,339,630,661,673,706,533,369,319,662,658,648,702,591,422,324,657,612,642,646,578,383,265,607,547,604,577,604,388,320,510,579,586,596,533,341,302,612,566,608,634,546,411,292,515,519,569,623,488,351,294,480,495,515,501,545,422,287,435,418,466,447,419,406,285,449,400,459,486,470,333,281,474,410,436,437,447,393,276,435,415,430,423,465,355,274,418,368,394,446,451,369,258,433,389,398,425,460,328,301,423,403,425,475,427,336,290,400,360,376,431,463,355,289,390,365,331,433,464,316,309,377,374,363,460,435,307,310,371,384,427,478,479,318,322,341,379,426,516,465,318,270,318,341,391,517,444,326,245,312,349,375,529,453,311,264,356,344,387,526,362,274,275,308,333,380,424,438,303,226,228,309,348,456,397,309,181,251,270,311,443,353,302,184,236,252,298,397,328,282,184,225,240,242,286,296,251,197,174,211,203,281,295,219,184,194,205,230,266,292,222,160,153,177,218,219,256,227,114,151,149,169,206,222,189,134,110,151,121,193,179,183,18606,29177,28477,30565,32159,30154,21892
1.25,13400,19261,18112,19578,21361,19845,14392,101,109,90,99,111,170,114,105,73,78,61,123,162,125,107,71,76,77,79,126,123,79,45,68,66,110,95,121,92,63,73,66,66,115,106,118,57,50,50,57,108,101,108,53,38,66,50,94,87,83,51,37,59,61,50,98,88,63,36,42,53,55,69,52,26,27,36,44,38,53,61,34,28,31,29,35,51,61,27,21,32,24,31,50,187,23,34,34,27,44,51,45,31,17,25,32,31,50,43,25,12,20,23,42,54,33,22,14,35,23,31,46,50,27,22,21,18,27,43,53,27,8,20,20,27,22,57,22,13,18,17,24,33,55,24,16,26,23,16,33,40,18,13,26,23,31,25,35,31,14,15,24,32,28,36,42,31,22,27,28,31,45,37,13,19,27,25,21,39,31,28,34,25,28,30,32,55,40,41,42,52,32,29,46,40,40,43,42,41,35,69,45,63,63,52,24,36,77,43,63,46,74,33,45,83,57,69,76,73,32,39,114,98,85,84,97,38,51,104,89,93,101,79,63,46,97,105,98,112,87,52,57,97,98,104,99,96,71,73,126,117,103,116,118,71,66,130,136,125,144,157,79,91,154,137,129,123,142,86,88,143,146,135,141,126,85,104,171,135,144,145,171,107,92,218,164,161,179,166,130,112,218,173,187,181,194,133,126,269,252,238,209,237,141,126,315,276,303,233,294,122,129,306,272,286,243,281,154,152,343,323,320,330,326,144,132,386,355,368,362,301,174,155,402,349,400,363,362,156,175,363,408,371,364,376,187,172,366,329,343,352,340,203,170,331,334,349,318,355,205,191,321,294,338,311,295,180,192,337,363,361,365,286,230,212,356,316,358,352,281,207,205,379,330,358,380,294,225,207,363,308,311,348,265,197,185,334,352,339,371,316,227,211,364,340,412,363,324,251,212,418,387,398,404,397,251,233,404,353,429,400,317,265,240,400,348,430,420,369,266,216,436,370,405,422,371,303,177,414,424,423,436,362,254,239,395,397,427,470,364,252,233,363,372,373,430,356,243,246,433,437,426,444,410,246,246,376,411,452,434,378,269,257,393,406,382,395,390,258,212,369,343,347,376,361,258,244,379,336,394,378,337,246,224,363,323,345,361,340,245,207,364,310,335,325,371,274,224,300,339,316,304,318,254,214,294,288,321,316,301,219,213,275,272,262,301,280,235,218,277,235,262,267,267,222,230,251,255,272,301,297,266,245,277,252,282,269,269,220,234,282,258,274,324,303,237,233,276,245,249,334,289,202,221,283,252,254,361,316,226,242,254,236,280,330,265,225,219,245,226,239,370,309,230,218,232,207,238,339,286,229,215,197,228,292,386,303,203,211,194,211,249,360,305,217,195,197,211,283,380,307,193,170,185,186,280,378,290,228,177,182,196,237,379,291,209,150,167,177,235,312,267,195,158,156,145,230,291,240,193,157,145,145,173,305,218,180,121,150,182,175,236,189,170,119,138,154,159,232,206,173,116,119,119,146,188,175,140,109,102,106,117,170,150,131,96,107,89,92,158,157,120,13400,19261,18112,19578,21361,19845,14392
1.5,9906,13312,12173,13962,15158,13933,10192,78,85,59,51,83,93,102,74,74,44,68,85,102,98,69,64,44,44,62,89,83,60,45,45,49,63,73,89,50,40,36,42,54,92,76,60,35,27,55,52,74,60,66,34,32,37,54,56,61,59,36,31,44,42,45,58,52,35,30,30,38,46,61,43,22,28,29,25,39,44,40,29,19,17,24,18,46,38,11,28,25,21,20,21,84,19,15,17,15,29,29,72,12,15,26,21,20,24,21,30,16,26,24,38,30,29,22,18,22,24,29,17,21,21,10,18,14,27,28,16,19,10,17,15,13,20,32,15,15,16,22,19,24,34,23,16,23,26,12,22,28,13,10,18,18,18,10,17,16,18,16,13,16,23,34,30,15,26,13,25,16,27,13,24,11,26,26,22,29,22,16,11,18,22,23,27,26,17,30,28,28,18,29,30,28,28,26,30,30,29,51,32,39,27,35,31,39,37,26,45,36,54,19,35,58,45,60,45,49,30,43,63,58,52,53,56,30,32,73,65,68,56,49,33,40,75,63,45,49,65,56,46,70,47,62,77,68,31,53,75,76,71,76,56,47,50,94,70,74,71,88,54,69,93,69,66,65,89,60,70,80,85,78,86,96,63,63,99,94,84,76,88,81,81,119,103,83,76,91,75,72,134,99,106,117,105,90,85,150,124,137,119,131,91,86,187,174,181,183,182,88,102,207,169,187,154,185,116,108,233,191,193,202,165,112,109,219,209,243,201,206,100,110,282,245,233,249,259,112,134,268,240,242,260,248,125,110,260,248,246,226,213,121,120,249,232,227,218,232,125,125,210,223,202,241,215,155,128,222,229,230,231,198,126,126,256,218,267,218,222,146,175,266,228,255,229,239,152,145,234,228,253,246,216,173,171,264,235,236,245,247,151,158,236,237,263,259,264,162,162,282,267,273,282,265,184,177,319,250,290,309,253,164,159,275,268,300,271,226,183,154,288,223,298,307,282,186,153,269,235,294,276,317,202,184,290,274,272,307,261,195,189,272,303,269,281,272,181,170,291,294,258,271,263,151,183,267,304,289,285,284,175,172,274,294,299,286,254,193,195,240,239,244,302,242,176,158,278,274,283,293,260,168,169,257,223,221,267,244,169,161,263,219,214,260,263,182,165,204,194,217,206,213,181,165,221,222,220,206,220,184,173,187,196,212,207,224,167,150,187,171,206,200,213,155,183,190,155,188,221,210,166,184,189,169,201,238,186,162,214,210,181,227,218,195,173,176,201,137,213,241,215,193,167,191,166,238,241,201,178,171,197,141,229,319,202,132,198,160,172,231,344,199,132,144,156,144,237,299,229,171,136,143,105,264,327,205,159,155,139,167,246,307,220,165,160,133,134,223,301,242,155,139,125,134,205,278,220,171,134,131,119,211,269,192,144,129,134,144,187,244,191,163,113,125,115,167,192,182,166,121,89,97,158,224,152,153,92,88,79,141,215,137,134,116,114,105,142,167,154,134,79,97,102,115,142,121,100,76,79,62,84,128,113,75,77,72,67,72,130,101,80,9906,13312,12173,13962,15158,13933,10192
1.75,7969,10153,9020,10413,10696,10351,7565,60,73,48,59,70,87,64,66,51,52,46,53,75,73,46,33,31,29,45,64,52,42,42,31,29,31,61,53,37,54,37,32,24,53,33,45,27,29,29,37,44,45,48,27,20,18,32,22,48,31,34,19,36,20,28,43,50,32,27,27,25,35,44,26,20,21,25,18,35,43,21,14,11,15,23,24,18,25,24,21,13,10,14,31,39,13,9,22,15,16,17,36,11,5,15,22,27,19,28,23,12,13,15,18,29,16,17,14,12,24,19,20,15,11,14,17,21,14,19,13,9,6,8,10,14,12,15,13,10,14,16,5,10,18,15,12,13,9,11,21,19,14,5,11,11,12,17,23,8,7,12,8,19,12,15,12,17,16,11,13,18,10,17,11,17,16,23,14,20,16,14,12,15,17,21,19,25,11,26,24,20,16,20,15,19,21,25,18,18,19,23,24,26,19,21,20,32,34,25,29,26,29,21,22,44,30,42,28,41,20,40,53,41,46,38,41,27,31,51,34,36,32,35,30,25,49,33,25,43,38,26,26,55,54,50,49,41,38,28,64,47,52,50,52,35,44,58,54,38,58,56,33,36,72,56,51,52,59,35,40,65,44,48,42,61,37,58,52,59,64,70,49,41,58,81,57,52,66,72,66,73,86,79,70,60,78,48,71,99,75,78,64,84,54,84,117,101,111,97,81,67,67,131,120,100,97,128,67,74,156,129,133,138,123,81,72,151,137,129,116,148,72,70,171,160,164,167,139,88,102,197,203,189,186,167,94,114,171,162,179,150,159,89,92,166,162,155,157,144,95,111,185,162,168,174,159,102,99,216,191,175,185,147,109,113,173,158,156,149,152,106,121,200,161,154,170,177,101,124,175,156,161,166,166,129,125,230,200,200,167,184,128,136,220,177,191,176,198,112,130,199,165,190,168,228,119,129,202,199,195,181,228,115,124,247,196,220,200,215,150,134,215,198,192,216,225,164,113,212,187,214,203,199,143,129,189,210,187,183,221,112,126,178,165,222,215,190,153,121,197,189,190,200,222,147,126,212,194,207,202,222,142,158,206,186,201,211,171,132,149,204,175,191,208,200,140,115,198,186,218,233,195,134,141,198,164,201,214,173,128,150,174,163,211,189,196,140,125,189,166,170,193,171,137,145,164,138,189,194,163,126,145,161,130,155,174,157,131,121,159,111,143,144,144,148,137,171,111,145,175,141,121,166,166,116,160,203,143,128,185,142,140,169,195,168,137,163,149,127,165,189,153,126,176,153,143,213,220,159,107,173,174,127,213,239,140,115,186,140,135,232,224,192,112,138,141,147,216,222,173,114,127,153,118,226,214,165,138,133,137,131,197,223,144,118,134,120,132,179,205,188,115,127,106,117,184,150,173,128,126,97,111,148,144,149,119,127,93,110,131,126,160,122,116,88,99,126,167,161,141,78,79,79,117,95,125,114,97,73,83,104,111,127,106,97,86,79,110,122,109,81,69,69,77,73,110,101,74,62,66,45,68,131,83,53,61,51,67,82,81,60,54,7969,10153,9020,10413,10696,10351,7565
2,6241,8138,6967,7899,7986,7939,5617,46,67,59,56,57,63,43,59,51,36,34,50,76,67,32,38,30,24,44,35,41,32,39,32,23,30,36,47,33,27,25,21,22,36,42,28,28,24,18,24,26,30,26,30,20,21,27,29,27,20,21,24,17,18,26,32,19,24,12,22,15,26,32,20,10,10,17,13,23,21,16,11,14,13,22,19,24,19,8,12,8,16,16,18,27,8,15,12,10,11,22,19,6,13,9,16,16,14,25,13,11,12,3,11,18,20,15,11,9,11,10,9,7,10,10,17,11,21,14,11,4,11,7,4,11,11,4,12,4,9,16,8,13,11,14,17,13,8,10,9,9,11,6,14,13,13,7,22,13,2,7,9,14,11,10,14,11,9,15,14,8,11,9,11,13,16,11,13,18,5,6,7,13,12,12,16,17,6,18,11,28,17,12,14,11,14,12,20,12,21,14,12,10,6,13,13,25,16,19,16,17,18,16,22,36,20,24,16,18,19,19,39,21,22,10,27,24,24,34,24,27,22,34,19,23,31,27,34,34,28,23,19,54,31,31,25,32,26,28,42,34,38,26,24,27,30,52,35,53,46,44,34,45,63,33,38,41,24,31,33,55,42,38,41,33,29,46,65,37,41,47,41,37,54,68,60,44,46,50,39,45,75,55,47,41,52,38,51,78,49,62,41,50,40,43,94,56,64,54,71,29,49,91,69,74,68,74,52,53,113,101,77,91,87,51,34,122,99,92,88,109,42,54,132,94,120,98,98,44,57,132,111,107,112,99,54,76,148,122,122,124,119,61,82,138,108,118,136,114,51,86,158,135,126,110,116,72,78,155,146,121,143,125,60,88,143,136,125,140,139,78,83,148,120,102,103,123,73,85,136,98,127,136,106,87,81,155,141,123,114,122,75,90,174,144,132,135,169,87,98,141,124,138,148,164,85,104,145,135,120,139,167,80,103,150,150,136,152,149,91,103,159,134,160,164,159,103,108,137,141,142,160,169,96,124,127,144,135,167,181,113,99,159,143,166,155,154,113,117,149,137,157,176,155,121,102,152,133,170,160,146,92,121,151,132,142,164,151,95,133,134,113,152,184,158,125,114,145,160,177,195,178,123,110,139,125,144,162,138,127,105,128,135,139,146,148,108,106,121,129,135,169,161,86,114,121,97,156,149,138,91,123,116,109,141,165,136,98,104,107,107,116,161,140,99,97,124,77,135,170,125,88,118,113,92,120,163,135,103,124,128,94,154,140,131,103,108,124,118,153,189,115,108,100,138,90,145,165,122,91,126,137,108,177,157,118,97,124,166,115,186,169,126,106,128,170,156,220,141,135,97,124,143,94,155,148,137,83,124,142,124,155,89,120,71,110,141,147,125,89,118,91,108,146,121,158,101,145,92,116,115,113,108,93,93,97,82,106,77,90,94,118,94,82,77,78,89,101,111,100,98,83,76,91,61,104,74,119,82,79,105,100,107,77,70,69,75,82,78,97,83,70,62,49,83,75,85,72,65,61,46,77,62,66,50,64,50,68,66,68,59,49,6241,8138,6967,7899,7986,7939,5617
2.25,5218,6656,5815,6360,6143,6417,4365,40,72,63,37,69,49,56,38,49,46,24,74,56,40,29,29,34,26,28,50,26,25,25,28,21,14,38,33,26,28,26,18,11,27,30,24,19,26,17,17,22,22,29,22,31,12,21,17,27,21,19,13,19,19,23,19,20,18,17,9,15,11,18,13,15,6,13,7,16,20,11,10,9,8,10,19,14,15,9,12,13,13,11,20,19,13,6,11,10,11,15,9,12,8,11,8,17,16,18,9,11,12,5,10,11,9,8,5,5,8,10,11,13,10,2,3,12,4,6,6,9,8,6,10,12,8,7,8,7,5,9,12,7,11,5,12,6,8,9,9,8,6,9,6,5,5,7,8,5,10,5,10,11,8,8,8,5,7,8,16,8,10,4,9,6,13,10,5,13,8,6,6,4,10,13,12,15,9,12,10,15,20,15,11,13,10,13,11,9,11,10,4,9,11,9,10,23,18,12,13,9,13,12,13,10,19,13,22,14,13,11,30,19,18,12,20,4,15,26,25,18,30,23,16,21,16,24,16,17,17,15,17,35,31,23,22,20,18,16,50,21,22,27,26,10,28,50,23,33,31,27,20,24,53,30,30,29,23,23,28,46,39,25,29,17,22,24,49,27,37,16,37,20,31,62,31,25,29,35,25,42,68,40,44,31,30,26,39,58,47,39,40,42,21,42,71,45,29,49,48,28,46,73,48,51,41,54,30,42,80,55,63,51,62,40,42,94,74,60,78,79,44,44,91,71,67,67,88,37,39,112,93,80,83,77,41,52,124,112,106,65,94,49,50,114,98,118,96,92,51,64,119,89,99,81,89,57,65,114,104,105,103,104,42,63,113,109,114,97,84,69,68,110,84,110,98,121,59,73,114,88,87,87,100,58,83,111,87,104,85,116,67,68,101,104,111,116,126,58,88,121,115,107,102,142,84,71,105,100,95,115,135,70,66,109,112,97,92,148,71,86,135,116,122,118,144,91,78,122,112,129,128,146,85,67,104,81,109,123,138,80,96,111,88,128,130,139,97,88,111,105,142,126,141,70,94,139,100,137,126,135,71,103,123,116,133,115,113,81,94,101,121,135,133,110,95,89,135,116,142,165,118,91,90,132,109,124,135,110,77,80,110,86,132,129,115,74,94,96,75,130,116,127,87,84,95,78,123,122,103,83,85,122,78,121,119,107,82,91,117,82,102,123,121,80,92,76,82,108,157,113,78,100,84,88,125,157,103,66,100,97,90,119,133,103,69,77,102,105,135,144,103,67,99,119,100,126,127,101,85,97,107,101,145,131,87,76,117,134,125,120,172,118,75,129,158,127,140,106,89,78,106,126,131,134,105,83,80,125,127,139,117,68,114,66,111,131,134,126,81,110,82,123,120,124,107,70,119,77,129,114,94,75,60,106,71,111,81,94,75,65,80,57,121,69,92,65,61,87,79,76,73,76,80,43,90,68,91,67,61,69,63,71,61,85,80,56,61,54,82,55,55,58,56,91,59,65,51,34,35,35,69,39,54,57,55,42,31,68,48,58,35,5218,6656,5815,6360,6143,6417,4365
2.5,4663,5470,4874,5204,5056,5306,3623,41,47,48,36,40,55,46,43,45,31,29,41,37,36,28,30,26,19,36,54,32,21,29,20,15,46,35,31,26,30,23,17,33,33,18,26,16,14,11,22,19,18,20,19,16,13,18,17,18,13,22,9,13,14,19,20,13,15,13,11,15,15,18,14,6,10,6,13,8,15,13,6,3,8,5,8,15,19,16,8,8,6,8,17,14,10,15,6,8,14,15,7,7,5,6,6,16,10,11,8,2,7,10,10,7,12,9,5,5,6,3,9,5,7,5,5,10,7,7,6,7,9,3,7,7,8,2,11,3,3,6,7,7,4,8,4,6,6,9,6,8,4,3,3,9,10,11,7,4,4,8,6,8,4,10,6,5,5,9,9,7,8,7,9,6,3,10,8,11,8,4,7,5,5,9,8,7,11,8,11,8,8,7,8,4,10,10,11,10,8,8,10,13,8,5,9,12,12,7,7,4,5,9,8,17,10,12,19,13,10,14,22,14,14,18,22,12,13,16,24,15,13,19,10,16,31,16,15,19,19,15,16,25,17,16,20,18,13,14,36,14,8,16,18,15,9,44,31,24,10,18,24,17,29,32,15,22,17,17,15,24,25,24,32,19,18,29,41,32,28,27,22,23,28,38,18,34,33,35,18,20,40,38,46,27,29,20,37,36,40,32,29,24,16,38,46,46,33,39,34,18,36,46,35,38,40,28,25,36,60,38,45,58,50,26,24,71,56,33,57,51,27,18,77,65,63,46,58,30,34,84,72,78,73,72,27,44,80,73,69,79,55,30,36,106,71,68,67,65,32,42,106,92,74,76,54,45,53,105,87,95,94,74,47,46,91,96,75,80,78,43,59,66,78,70,64,88,45,54,88,82,91,64,85,38,56,110,78,93,69,91,57,64,81,71,77,65,115,49,55,87,92,92,77,110,74,86,91,86,99,84,111,69,75,99,79,99,102,126,51,77,111,92,86,89,123,59,52,88,97,87,90,111,62,69,102,71,94,94,113,67,78,74,78,106,92,91,58,77,113,77,121,98,119,78,81,98,107,93,119,105,61,94,103,87,119,112,114,67,82,81,75,115,121,95,63,94,105,96,125,153,98,78,82,92,114,127,112,110,77,89,107,89,105,119,98,67,86,101,82,126,130,108,70,108,86,66,125,133,89,68,96,89,74,103,108,83,78,102,81,76,110,106,94,71,78,95,87,107,121,96,60,85,73,90,112,124,116,63,96,103,93,99,132,83,71,87,115,100,122,115,81,56,102,87,86,87,83,89,64,108,100,94,114,98,93,73,125,124,100,102,89,99,77,107,122,110,99,69,87,69,121,119,100,82,52,121,52,110,103,88,81,65,81,60,113,104,113,68,56,90,67,96,106,109,65,58,103,57,108,84,88,77,50,72,61,107,65,64,53,47,88,54,89,71,66,74,38,63,45,74,50,42,47,33,59,52,50,48,62,45,38,56,54,60,55,41,65,38,60,56,67,48,46,66,42,56,51,62,29,36,58,60,54,46,42,33,44,70,40,38,39,4663,5470,4874,5204,5056,5306,3623
2.75,4138,4868,4151,4295,4320,4710,3112,37,46,48,47,55,33,47,35,43,27,34,38,26,33,28,28,25,30,37,50,30,29,50,13,21,45,42,33,27,31,14,10,25,32,27,34,18,15,8,22,33,20,19,22,8,7,7,39,26,8,23,8,5,7,20,17,18,11,9,12,7,15,10,7,6,10,3,6,10,16,9,11,6,1,11,11,8,7,6,3,9,8,8,13,10,14,4,8,12,7,6,14,9,6,9,5,10,9,10,8,8,5,7,10,10,10,9,5,9,5,3,7,4,8,6,9,5,8,12,4,7,8,9,8,6,4,8,6,3,6,2,7,5,8,7,7,10,9,3,7,9,6,4,6,12,8,6,5,5,3,9,2,5,6,7,3,8,8,7,3,4,7,4,5,7,2,6,5,8,4,5,4,6,5,7,4,10,9,11,9,3,5,7,6,4,3,11,12,9,14,8,3,10,4,14,10,13,7,6,8,9,9,11,9,7,7,6,6,5,7,9,11,8,6,9,6,4,16,14,15,9,11,12,10,6,16,16,15,9,8,13,13,20,11,15,12,20,8,12,18,13,17,17,21,5,18,32,23,20,23,15,15,19,30,29,19,22,17,12,13,25,24,23,25,22,21,18,30,17,22,30,25,20,21,40,34,23,20,23,16,25,30,39,40,41,16,18,21,37,28,27,34,27,18,29,31,23,39,43,34,17,22,46,25,39,32,28,19,27,33,36,44,37,42,19,26,63,43,43,36,46,26,23,58,48,38,49,45,20,27,84,64,40,52,32,21,44,66,59,49,61,41,17,30,76,63,57,49,49,23,28,96,62,82,57,57,22,37,100,77,80,82,49,41,47,100,75,79,70,68,35,50,87,60,67,68,73,33,45,89,76,67,63,73,45,48,97,81,75,56,62,44,54,92,68,74,62,85,48,45,90,69,64,75,76,48,55,66,72,87,88,107,54,58,88,76,98,87,107,63,51,85,75,92,77,113,56,64,69,73,74,67,107,59,49,80,63,96,95,96,57,60,82,68,83,100,91,45,61,81,76,104,107,112,65,75,100,86,105,80,100,56,78,92,76,101,106,96,44,73,68,73,98,112,106,69,81,94,78,97,95,88,62,94,86,85,95,108,79,58,107,79,100,98,108,101,60,95,77,60,105,95,85,65,91,104,77,91,92,85,60,102,73,88,73,117,80,61,96,64,78,90,90,97,74,84,68,71,80,104,80,75,102,96,74,93,84,87,56,98,74,93,83,99,76,52,99,95,80,93,93,83,63,116,88,79,67,70,83,62,91,82,90,78,81,88,55,95,101,83,86,76,96,55,111,109,95,68,46,94,73,108,109,67,61,57,88,49,90,87,71,50,43,56,56,84,87,84,60,45,71,48,92,91,71,40,44,98,52,59,84,68,45,32,61,35,43,49,47,48,32,69,58,60,64,54,44,41,80,44,46,59,51,35,33,57,51,42,47,44,31,31,63,33,41,46,48,34,34,62,37,60,41,38,42,21,55,30,72,34,33,27,39,56,34,73,35,33,46,57,42,38,4138,4868,4151,4295,4320,4710,3112
3,3624,4531,3639,3678,3663,3979,2715,37,65,45,27,32,23,41,34,63,37,29,33,25,35,24,52,23,24,34,31,28,25,44,22,31,30,26,29,18,33,23,25,36,39,24,18,33,14,21,38,23,20,18,30,7,14,21,15,27,15,26,5,15,8,24,15,7,10,13,9,8,14,11,7,15,3,8,4,3,8,9,7,3,4,6,8,6,2,14,8,5,8,13,8,10,10,7,8,4,5,8,3,9,8,11,5,6,7,6,14,6,6,10,4,4,6,7,4,7,8,6,3,2,3,4,9,9,13,4,6,7,3,3,3,5,2,4,12,3,2,6,9,3,4,6,7,8,4,3,3,4,7,6,4,2,3,8,4,6,3,3,7,8,8,4,6,6,5,7,4,8,8,5,6,3,7,2,1,7,6,2,3,5,4,5,5,10,5,6,5,11,6,10,6,5,11,2,10,8,11,7,9,12,10,6,7,16,8,5,11,9,3,6,8,10,4,9,5,4,8,7,4,4,3,8,6,6,20,14,6,6,9,16,5,10,12,14,5,12,14,10,11,10,12,17,18,14,12,18,16,14,9,9,12,20,11,12,14,21,17,17,15,14,20,16,20,17,13,10,10,20,23,28,21,12,9,19,22,19,19,25,26,14,18,20,20,27,19,28,15,17,25,21,37,25,26,8,29,27,20,24,34,11,16,27,30,13,26,28,31,9,24,36,23,30,22,33,21,22,23,23,37,24,28,16,25,34,29,41,28,34,11,26,37,23,44,46,45,18,31,49,45,55,45,32,25,25,72,62,39,48,40,24,25,68,51,46,53,43,16,27,91,60,49,57,46,15,37,82,67,74,57,47,29,40,92,83,53,93,66,31,38,102,62,50,62,63,29,53,97,64,60,47,56,37,32,94,75,64,63,59,45,49,96,67,74,73,73,47,52,86,59,59,52,85,48,49,75,54,82,56,75,38,57,82,65,74,83,80,36,57,71,56,84,74,92,45,57,83,67,68,65,95,50,60,74,53,81,70,65,49,64,75,67,88,70,92,48,49,82,68,83,66,78,50,67,90,58,81,78,99,44,54,94,72,84,87,77,53,77,64,66,100,82,89,64,71,90,73,82,112,96,59,74,81,86,87,120,81,46,91,80,85,95,88,85,65,96,83,81,89,79,92,65,94,76,82,86,87,82,55,76,79,77,83,89,79,57,87,73,61,78,74,70,56,103,73,72,66,80,62,55,87,69,83,69,89,81,53,73,56,80,56,73,85,42,73,83,78,72,64,59,63,95,69,95,59,63,70,53,75,96,79,67,58,50,48,85,91,77,46,65,64,45,75,79,81,50,46,62,36,71,66,50,43,41,78,51,66,69,58,45,43,49,50,80,83,61,39,31,65,48,65,64,51,41,35,69,51,53,67,28,40,31,48,31,47,46,45,24,29,53,29,57,66,47,24,23,65,49,48,49,34,27,19,61,51,47,48,27,18,26,39,42,54,37,37,27,24,57,41,48,52,34,22,23,43,25,51,48,34,39,21,38,35,42,46,32,29,21,28,25,3624,4531,3639,3678,3663,3979,2715
3.25,3155,4100,3238,3062,3313,3532,2370,27,44,32,30,24,24,32,13,52,32,43,31,18,32,14,54,31,14,28,32,39,11,38,13,21,25,16,21,25,32,20,22,20,14,15,8,33,11,14,29,26,21,9,23,8,11,35,28,23,7,29,3,12,19,11,19,5,10,4,6,12,6,9,14,15,1,4,6,8,14,2,5,6,7,3,7,7,7,6,3,2,4,6,13,6,8,6,5,1,5,5,7,6,2,3,5,9,4,5,11,3,6,8,6,7,3,5,5,5,3,1,5,5,6,12,6,9,5,6,5,4,1,5,3,3,2,6,6,8,7,5,7,2,2,5,6,8,6,8,5,7,6,5,4,9,8,5,3,4,2,4,5,10,5,8,8,9,6,5,10,5,7,4,6,5,7,4,5,2,6,5,5,3,8,5,9,3,8,8,10,6,5,6,6,4,6,4,5,4,10,7,5,8,5,6,2,8,2,5,2,4,7,7,6,5,8,6,4,10,10,9,11,4,2,11,6,5,11,14,7,6,9,6,5,5,3,4,9,7,14,6,15,13,11,7,6,5,12,7,10,9,13,8,10,13,14,19,5,7,12,12,9,10,21,15,15,16,19,14,17,10,13,19,22,23,15,20,11,10,13,11,14,18,18,15,12,17,18,17,13,16,11,13,14,23,30,15,15,19,11,13,18,33,14,21,18,10,25,25,28,11,19,24,14,14,34,29,10,18,23,23,31,27,29,9,20,28,22,20,42,26,7,15,36,22,25,33,33,18,17,36,20,34,34,44,17,32,47,43,59,32,36,12,22,56,42,48,39,35,20,28,68,56,58,50,36,16,33,66,56,66,55,50,32,30,99,57,71,72,61,21,31,87,74,61,69,58,28,48,95,72,60,74,64,31,36,72,73,53,59,62,31,52,107,64,64,66,55,20,43,100,66,67,71,80,30,53,85,47,70,71,82,32,41,83,46,68,76,77,40,39,71,52,62,84,76,38,51,101,63,69,67,74,35,60,72,54,58,66,71,29,66,67,63,64,57,69,36,67,81,56,59,85,67,47,76,78,73,53,86,80,56,59,88,52,82,66,93,49,68,60,79,79,91,86,46,69,87,58,77,95,100,59,100,87,95,78,77,70,38,78,79,88,72,59,74,52,88,66,69,68,75,78,59,93,75,74,68,79,73,76,77,52,64,72,76,86,60,89,70,65,63,70,73,55,88,74,75,74,68,79,50,78,80,71,67,70,52,53,76,67,65,54,56,58,54,76,52,68,60,64,65,46,69,65,66,46,62,60,58,71,78,81,45,39,53,43,60,70,73,48,44,42,51,52,66,62,36,37,55,39,57,68,42,32,30,36,21,47,46,54,32,44,47,39,49,58,41,32,27,52,33,49,59,35,34,35,34,44,45,57,46,27,25,26,26,39,57,32,18,24,40,18,40,62,41,14,18,48,37,45,54,29,19,19,42,28,47,64,38,21,22,38,42,34,40,39,18,12,37,25,36,44,37,12,16,37,25,32,30,28,16,26,33,22,22,45,25,19,20,40,23,3155,4100,3238,3062,3313,3532,2370
3.5,2716,3675,2957,2799,2909,3072,2245,21,36,25,34,9,12,28,19,27,27,32,12,23,29,17,29,10,17,29,17,23,11,19,18,23,27,21,29,12,23,9,25,23,7,26,11,15,17,13,10,15,29,11,17,15,10,13,18,16,8,13,6,10,16,18,12,4,5,5,7,21,7,14,11,9,10,5,7,7,7,4,3,6,0,3,3,12,6,4,2,8,4,5,5,5,3,2,4,2,6,4,7,7,2,2,2,5,5,3,7,4,5,4,3,4,5,5,2,5,8,3,5,8,8,1,5,4,3,8,7,7,7,4,6,5,6,4,9,3,7,8,6,6,5,5,5,3,6,3,5,2,5,5,6,5,10,4,1,10,6,8,9,6,4,6,5,6,5,9,9,10,4,18,5,8,8,10,4,4,5,8,6,6,7,6,8,7,3,5,7,5,5,10,9,3,8,8,9,10,8,9,7,5,2,6,7,5,3,8,9,6,7,5,6,5,5,7,4,3,2,9,10,6,8,6,11,11,6,8,7,4,6,8,7,8,9,9,7,6,5,9,8,2,5,4,7,6,9,7,8,5,12,9,6,14,5,8,7,11,8,7,12,13,5,3,6,14,13,14,14,14,4,10,9,16,13,18,10,4,10,10,17,22,13,14,12,11,11,13,6,15,12,16,12,15,24,15,14,10,22,14,17,24,8,12,15,11,12,16,18,8,15,14,14,17,22,18,14,23,12,8,13,12,19,9,14,18,18,14,28,28,17,28,22,16,14,22,34,6,19,29,24,34,17,33,12,24,38,30,38,34,38,12,18,25,30,39,39,42,19,23,50,38,43,39,43,14,29,61,47,57,46,35,15,26,69,68,74,51,51,22,29,92,68,63,49,66,30,34,78,63,62,78,58,39,38,88,70,88,71,59,34,42,94,83,57,80,75,34,37,104,78,70,74,65,36,47,84,52,65,63,72,39,55,88,59,58,77,94,53,56,102,73,54,73,67,35,48,91,65,48,63,59,37,58,89,69,66,50,62,30,63,67,55,64,74,66,44,52,67,79,65,77,69,41,39,80,66,65,70,63,40,54,63,65,70,63,69,32,68,68,69,64,55,57,46,66,75,78,73,58,61,52,78,90,77,54,69,56,60,79,64,76,68,66,60,54,68,80,75,71,67,52,42,65,87,78,65,72,51,65,83,82,65,62,63,72,54,69,61,65,60,61,65,60,83,87,69,51,59,66,49,69,91,65,46,56,59,37,58,64,55,42,69,52,50,55,71,44,34,50,56,39,63,62,55,36,50,58,33,70,63,62,48,43,58,32,56,66,44,43,48,64,32,52,54,36,40,48,44,36,31,50,32,26,30,38,40,50,51,39,28,36,22,40,29,43,37,36,30,43,33,32,44,25,30,23,35,22,27,39,40,28,31,41,27,26,39,26,24,19,36,24,33,43,22,23,24,29,24,40,47,22,19,24,35,22,28,43,28,26,15,34,35,20,51,23,18,14,29,31,18,36,20,8,20,29,30,28,23,19,19,18,26,23,26,24,30,12,7,32,11,2716,3675,2957,2799,2909,3072,2245
